name,date,caption,tags,exclude
7372,2023-06-05,,b&w,
7012,2023-06-05,,,
7029,2023-06-05,,,
7049,2023-06-05,,,
7085,2023-06-05,,,
7093,2023-06-05,,,
7147,2023-06-05,,,
7152,2023-06-05,,,
7158,2023-06-05,,,
7184,2023-06-05,,,
7195,2023-06-05,,,
7234,2023-06-05,,,
7240,2023-06-05,,,
7243,2023-06-05,,,
7252,2023-06-05,,,
7258,2023-06-05,,,
7260,2023-06-05,,,
7275,2023-06-05,,,
7277,2023-06-05,,,
7281,2023-06-05,,,
7302,2023-06-05,,,
7319,2023-06-05,,,
7324,2023-06-05,,,
7326,2023-06-05,,,
7329,2023-06-05,,,
7334,2023-06-05,,,
7345,2023-06-05,,,
7352,2023-06-05,,,
7366,2023-06-05,,,